{
  "project_info": {
    "project_number": "235117342763",
    "firebase_url": "https://inclass11-b50be.firebaseio.com",
    "project_id": "inclass11-b50be",
    "storage_bucket": "inclass11-b50be.appspot.com"
  },
  "client": [
    {
      "client_info": {
        "mobilesdk_app_id": "1:235117342763:android:298d9aad8568435713ba6e",
        "android_client_info": {
          "package_name": "com.example.inclass11"
        }
      },
      "oauth_client": [
        {
          "client_id": "235117342763-61mdqufr5ues5dm5shp8c9733qh0ne9b.apps.googleusercontent.com",
          "client_type": 3
        }
      ],
      "api_key": [
        {
          "current_key": "AIzaSyBnYAbI9fGj3NqOJl9LSPKQ5XEXWVEAkBc"
        }
      ],
      "services": {
        "appinvite_service": {
          "other_platform_oauth_client": [
            {
              "client_id": "235117342763-61mdqufr5ues5dm5shp8c9733qh0ne9b.apps.googleusercontent.com",
              "client_type": 3
            }
          ]
        }
      }
    }
  ],
  "configuration_version": "1"
}